{
    "category_parity": {
        "SC": {
            "eligible": 290,
            "selected": 20,
            "rate": 0.06896551724137931
        },
        "ST": {
            "eligible": 171,
            "selected": 15,
            "rate": 0.08771929824561403
        },
        "OBC": {
            "eligible": 507,
            "selected": 39,
            "rate": 0.07692307692307693
        },
        "GEN": {
            "eligible": 1032,
            "selected": 51,
            "rate": 0.04941860465116279
        }
    },
    "rural_representation": {
        "eligible_rural": 685,
        "selected_rural": 47,
        "rate": 0.06861313868613139
    },
    "gender_distribution": {
        "M": 64,
        "F": 54,
        "O": 7
    }
}