{
  "category_parity": {
    "SC": {
      "eligible": 290,
      "selected": 56,
      "rate": 0.19310344827586207
    },
    "ST": {
      "eligible": 171,
      "selected": 44,
      "rate": 0.2573099415204678
    },
    "OBC": {
      "eligible": 507,
      "selected": 114,
      "rate": 0.22485207100591717
    },
    "GEN": {
      "eligible": 1032,
      "selected": 188,
      "rate": 0.1821705426356589
    }
  },
  "rural_representation": {
    "eligible_rural": 685,
    "selected_rural": 150,
    "ratio": 0.21897810218978103
  },
  "gender_distribution_selected": {
    "M": 236,
    "F": 152,
    "O": 14
  },
  "total_selected": 402
}